序号,传输方向,接收时间标识,帧ID,帧格式,帧类型,数据长度,数据
0,接收,0x085846d7,0x10316020,数据帧,扩展帧,0x08,02 00 00 00 00 00 00 00 
1,接收,0x0858470f,0x10316020,数据帧,扩展帧,0x08,03 00 8c 22 01 00 00 00 
2,接收,0x08584749,0x10316020,数据帧,扩展帧,0x08,04 c5 00 00 00 00 00 00 
3,接收,0x08584783,0x186061a0,数据帧,扩展帧,0x08,0a 00 00 00 00 00 00 00 
4,接收,0x085847bd,0x186060a0,数据帧,扩展帧,0x08,0a 00 00 00 00 00 00 00 
5,接收,0x085847f7,0x186061a0,数据帧,扩展帧,0x08,0b 00 00 00 00 00 00 00 
6,接收,0x08584832,0x186060a0,数据帧,扩展帧,0x08,0b 00 00 00 00 00 00 00 
7,接收,0x0858486b,0x186061a0,数据帧,扩展帧,0x08,0c 00 00 00 00 00 00 00 
8,接收,0x085848a5,0x186060a0,数据帧,扩展帧,0x08,0c 00 00 00 00 00 00 00 
9,接收,0x085848df,0x186061a0,数据帧,扩展帧,0x08,0d 00 00 00 00 00 00 00 
10,接收,0x08584919,0x186060a0,数据帧,扩展帧,0x08,0d 00 00 00 00 00 00 00 
11,接收,0x08584953,0x186061a0,数据帧,扩展帧,0x08,0e 00 00 00 00 00 00 00 
12,接收,0x0858498d,0x186060a0,数据帧,扩展帧,0x08,0e 00 00 00 00 00 00 00 
13,接收,0x085849c5,0x180761a0,数据帧,扩展帧,0x08,56 32 2e 30 2e 30 30 00 
14,接收,0x085849fd,0x180760a0,数据帧,扩展帧,0x08,56 32 2e 30 2e 30 30 00 
15,接收,0x08584a35,0x180761a0,数据帧,扩展帧,0x08,56 32 2e 30 2e 30 30 00 
16,接收,0x08584a6c,0x180760a0,数据帧,扩展帧,0x08,56 32 2e 30 2e 30 30 00 
17,接收,0x08584aa4,0x180761a0,数据帧,扩展帧,0x08,56 32 2e 30 2e 30 30 00 
18,接收,0x08584adc,0x180760a0,数据帧,扩展帧,0x08,56 32 2e 30 2e 30 30 00 
19,接收,0x08584b14,0x180761a0,数据帧,扩展帧,0x08,56 32 2e 30 2e 30 30 00 
20,接收,0x08584b4b,0x180760a0,数据帧,扩展帧,0x08,56 32 2e 30 2e 30 30 00 
21,接收,0x08584b84,0x180761a0,数据帧,扩展帧,0x08,56 32 2e 30 2e 30 30 00 
22,接收,0x08584bbb,0x180760a0,数据帧,扩展帧,0x08,56 32 2e 30 2e 30 30 00 
23,接收,0x08584bf3,0x180761a0,数据帧,扩展帧,0x08,56 32 2e 30 2e 30 30 00 
24,接收,0x08584c2c,0x180760a0,数据帧,扩展帧,0x08,56 32 2e 30 2e 30 30 00 
25,接收,0x08584c64,0x180761a0,数据帧,扩展帧,0x08,56 32 2e 30 2e 30 30 00 
26,接收,0x08584c9b,0x180760a0,数据帧,扩展帧,0x08,56 32 2e 30 2e 30 30 00 
27,接收,0x08584cd3,0x180761a0,数据帧,扩展帧,0x08,56 32 2e 30 2e 30 30 00 
28,接收,0x08584d0b,0x180760a0,数据帧,扩展帧,0x08,56 32 2e 30 2e 30 30 00 
29,接收,0x08584d43,0x180761a0,数据帧,扩展帧,0x08,56 32 2e 30 2e 30 30 00 
30,接收,0x08584d7b,0x180760a0,数据帧,扩展帧,0x08,56 32 2e 30 2e 30 30 00 
31,接收,0x08584db3,0x180761a0,数据帧,扩展帧,0x08,56 32 2e 30 2e 30 30 00 
32,接收,0x08584dea,0x180760a0,数据帧,扩展帧,0x08,56 32 2e 30 2e 30 30 00 
33,接收,0x08584e22,0x180761a0,数据帧,扩展帧,0x08,56 32 2e 30 2e 30 30 00 
34,接收,0x085864a9,0x180760a0,数据帧,扩展帧,0x08,56 32 2e 30 2e 30 30 00 
35,接收,0x08588bc6,0x180761a0,数据帧,扩展帧,0x08,56 32 2e 30 2e 30 30 00 
36,接收,0x0858b2e0,0x180760a0,数据帧,扩展帧,0x08,56 32 2e 30 2e 30 30 00 
37,接收,0x0858d9ff,0x180761a0,数据帧,扩展帧,0x08,56 32 2e 30 2e 30 30 00 
38,接收,0x08590114,0x180760a0,数据帧,扩展帧,0x08,56 32 2e 30 2e 30 30 00 
39,接收,0x0859282e,0x180761a0,数据帧,扩展帧,0x08,56 32 2e 30 2e 30 30 00 
40,接收,0x08594f4f,0x180760a0,数据帧,扩展帧,0x08,56 32 2e 30 2e 30 30 00 
41,接收,0x0859766e,0x180761a0,数据帧,扩展帧,0x08,56 32 2e 30 2e 30 30 00 
42,接收,0x08599d85,0x180760a0,数据帧,扩展帧,0x08,56 32 2e 30 2e 30 30 00 
43,接收,0x0859c4a7,0x180761a0,数据帧,扩展帧,0x08,56 32 2e 30 2e 30 30 00 
44,接收,0x0859ebc8,0x180760a0,数据帧,扩展帧,0x08,56 32 2e 30 2e 30 30 00 
45,接收,0x085a12e8,0x180761a0,数据帧,扩展帧,0x08,56 32 2e 30 2e 30 30 00 
46,接收,0x085a3a00,0x180760a0,数据帧,扩展帧,0x08,56 32 2e 30 2e 30 30 00 
47,接收,0x085a6120,0x180761a0,数据帧,扩展帧,0x08,56 32 2e 30 2e 30 30 00 
48,接收,0x085a8843,0x180760a0,数据帧,扩展帧,0x08,56 32 2e 30 2e 30 30 00 
49,接收,0x085aaf69,0x180761a0,数据帧,扩展帧,0x08,56 32 2e 30 2e 30 30 00 
50,接收,0x085ad67e,0x180760a0,数据帧,扩展帧,0x08,56 32 2e 30 2e 30 30 00 
51,接收,0x085afd9e,0x180761a0,数据帧,扩展帧,0x08,56 32 2e 30 2e 30 30 00 
52,接收,0x085b24bf,0x180760a0,数据帧,扩展帧,0x08,56 32 2e 30 2e 30 30 00 
53,接收,0x085b4bd9,0x180761a0,数据帧,扩展帧,0x08,56 32 2e 30 2e 30 30 00 
54,接收,0x085b72f5,0x180760a0,数据帧,扩展帧,0x08,56 32 2e 30 2e 30 30 00 
55,接收,0x085b9a17,0x180761a0,数据帧,扩展帧,0x08,56 32 2e 30 2e 30 30 00 
56,接收,0x085bc12e,0x180760a0,数据帧,扩展帧,0x08,56 32 2e 30 2e 30 30 00 
57,接收,0x085be847,0x180761a0,数据帧,扩展帧,0x08,56 32 2e 30 2e 30 30 00 
58,接收,0x085c0f5a,0x180760a0,数据帧,扩展帧,0x08,56 32 2e 30 2e 30 30 00 
59,接收,0x085c367b,0x180761a0,数据帧,扩展帧,0x08,56 32 2e 30 2e 30 30 00 
60,接收,0x085c5d9b,0x180760a0,数据帧,扩展帧,0x08,56 32 2e 30 2e 30 30 00 
61,接收,0x085c84bb,0x180761a0,数据帧,扩展帧,0x08,56 32 2e 30 2e 30 30 00 
62,接收,0x085cabe0,0x180760a0,数据帧,扩展帧,0x08,56 32 2e 30 2e 30 30 00 
63,接收,0x085cd2fe,0x180761a0,数据帧,扩展帧,0x08,56 32 2e 30 2e 30 30 00 
64,接收,0x085cfa23,0x180760a0,数据帧,扩展帧,0x08,56 32 2e 30 2e 30 30 00 
65,接收,0x085d213f,0x180761a0,数据帧,扩展帧,0x08,56 32 2e 30 2e 30 30 00 
66,接收,0x085d485f,0x180760a0,数据帧,扩展帧,0x08,56 32 2e 30 2e 30 30 00 
67,接收,0x085d6f74,0x180761a0,数据帧,扩展帧,0x08,56 32 2e 30 2e 30 30 00 
68,接收,0x085d968c,0x180760a0,数据帧,扩展帧,0x08,56 32 2e 30 2e 30 30 00 
69,接收,0x085dbda7,0x180761a0,数据帧,扩展帧,0x08,56 32 2e 30 2e 30 30 00 
70,接收,0x085de4c0,0x180760a0,数据帧,扩展帧,0x08,56 32 2e 30 2e 30 30 00 
71,接收,0x085e0bdb,0x180761a0,数据帧,扩展帧,0x08,56 32 2e 30 2e 30 30 00 
72,接收,0x085e32fa,0x180760a0,数据帧,扩展帧,0x08,56 32 2e 30 2e 30 30 00 
73,接收,0x085e5a1b,0x180761a0,数据帧,扩展帧,0x08,56 32 2e 30 2e 30 30 00 
74,接收,0x085e8135,0x180760a0,数据帧,扩展帧,0x08,56 32 2e 30 2e 30 30 00 
75,接收,0x085ea84f,0x180761a0,数据帧,扩展帧,0x08,56 32 2e 30 2e 30 30 00 
76,接收,0x085ecf6d,0x180760a0,数据帧,扩展帧,0x08,56 32 2e 30 2e 30 30 00 
77,接收,0x085ef690,0x180761a0,数据帧,扩展帧,0x08,56 32 2e 30 2e 30 30 00 
78,接收,0x085f1da8,0x180760a0,数据帧,扩展帧,0x08,56 32 2e 30 2e 30 30 00 
79,接收,0x085f44cb,0x180761a0,数据帧,扩展帧,0x08,56 32 2e 30 2e 30 30 00 
80,接收,0x085f6be9,0x180760a0,数据帧,扩展帧,0x08,56 32 2e 30 2e 30 30 00 
81,接收,0x085f9303,0x180761a0,数据帧,扩展帧,0x08,56 32 2e 30 2e 30 30 00 
82,接收,0x085fba17,0x180760a0,数据帧,扩展帧,0x08,56 32 2e 30 2e 30 30 00 
83,接收,0x085fe131,0x180761a0,数据帧,扩展帧,0x08,56 32 2e 30 2e 30 30 00 
84,接收,0x0860084c,0x180760a0,数据帧,扩展帧,0x08,56 32 2e 30 2e 30 30 00 
85,接收,0x08602f67,0x180761a0,数据帧,扩展帧,0x08,56 32 2e 30 2e 30 30 00 
86,接收,0x08605685,0x180760a0,数据帧,扩展帧,0x08,56 32 2e 30 2e 30 30 00 
87,接收,0x08607da4,0x180761a0,数据帧,扩展帧,0x08,56 32 2e 30 2e 30 30 00 
88,接收,0x0860a4bf,0x180760a0,数据帧,扩展帧,0x08,56 32 2e 30 2e 30 30 00 
89,接收,0x0860cbdb,0x180761a0,数据帧,扩展帧,0x08,56 32 2e 30 2e 30 30 00 
90,接收,0x0860f2f9,0x180760a0,数据帧,扩展帧,0x08,56 32 2e 30 2e 30 30 00 
91,接收,0x08611a22,0x180761a0,数据帧,扩展帧,0x08,56 32 2e 30 2e 30 30 00 
92,接收,0x08614145,0x180760a0,数据帧,扩展帧,0x08,56 32 2e 30 2e 30 30 00 
93,接收,0x0861686a,0x180761a0,数据帧,扩展帧,0x08,56 32 2e 30 2e 30 30 00 
94,接收,0x08618f8b,0x180760a0,数据帧,扩展帧,0x08,56 32 2e 30 2e 30 30 00 
95,接收,0x0861b6b0,0x180761a0,数据帧,扩展帧,0x08,56 32 2e 30 2e 30 30 00 
96,接收,0x0861ddd1,0x180760a0,数据帧,扩展帧,0x08,56 32 2e 30 2e 30 30 00 
97,接收,0x086204ef,0x180761a0,数据帧,扩展帧,0x08,56 32 2e 30 2e 30 30 00 
98,接收,0x08622c13,0x180760a0,数据帧,扩展帧,0x08,56 32 2e 30 2e 30 30 00 
99,接收,0x08625336,0x180761a0,数据帧,扩展帧,0x08,56 32 2e 30 2e 30 30 00 
100,接收,0x08627a5a,0x180760a0,数据帧,扩展帧,0x08,56 32 2e 30 2e 30 30 00 
101,接收,0x0862a17c,0x180761a0,数据帧,扩展帧,0x08,56 32 2e 30 2e 30 30 00 
102,接收,0x0862c897,0x180760a0,数据帧,扩展帧,0x08,56 32 2e 30 2e 30 30 00 
103,接收,0x0862efb5,0x180761a0,数据帧,扩展帧,0x08,56 32 2e 30 2e 30 30 00 
104,接收,0x086316d3,0x180760a0,数据帧,扩展帧,0x08,56 32 2e 30 2e 30 30 00 
105,接收,0x08633df5,0x180761a0,数据帧,扩展帧,0x08,56 32 2e 30 2e 30 30 00 
106,接收,0x0863650a,0x180760a0,数据帧,扩展帧,0x08,56 32 2e 30 2e 30 30 00 
107,接收,0x08638c24,0x180761a0,数据帧,扩展帧,0x08,56 32 2e 30 2e 30 30 00 
108,接收,0x0863b339,0x180760a0,数据帧,扩展帧,0x08,56 32 2e 30 2e 30 30 00 
109,接收,0x0863da54,0x180761a0,数据帧,扩展帧,0x08,56 32 2e 30 2e 30 30 00 
110,接收,0x0864016b,0x180760a0,数据帧,扩展帧,0x08,56 32 2e 30 2e 30 30 00 
111,接收,0x08642886,0x180761a0,数据帧,扩展帧,0x08,56 32 2e 30 2e 30 30 00 
112,接收,0x08644fa3,0x180760a0,数据帧,扩展帧,0x08,56 32 2e 30 2e 30 30 00 
113,接收,0x086476c5,0x180761a0,数据帧,扩展帧,0x08,56 32 2e 30 2e 30 30 00 
114,接收,0x08649de2,0x180760a0,数据帧,扩展帧,0x08,56 32 2e 30 2e 30 30 00 
115,接收,0x0864c503,0x180761a0,数据帧,扩展帧,0x08,56 32 2e 30 2e 30 30 00 
116,接收,0x0864ec26,0x180760a0,数据帧,扩展帧,0x08,56 32 2e 30 2e 30 30 00 
117,接收,0x08651345,0x180761a0,数据帧,扩展帧,0x08,56 32 2e 30 2e 30 30 00 
118,接收,0x08653a5b,0x180760a0,数据帧,扩展帧,0x08,56 32 2e 30 2e 30 30 00 
119,接收,0x0865617b,0x180761a0,数据帧,扩展帧,0x08,56 32 2e 30 2e 30 30 00 
120,接收,0x08658892,0x180760a0,数据帧,扩展帧,0x08,56 32 2e 30 2e 30 30 00 
121,接收,0x0865afb2,0x180761a0,数据帧,扩展帧,0x08,56 32 2e 30 2e 30 30 00 
122,接收,0x0865d6c8,0x180760a0,数据帧,扩展帧,0x08,56 32 2e 30 2e 30 30 00 
123,接收,0x0865fde6,0x180761a0,数据帧,扩展帧,0x08,56 32 2e 30 2e 30 30 00 
124,接收,0x08662505,0x180760a0,数据帧,扩展帧,0x08,56 32 2e 30 2e 30 30 00 
125,接收,0x08664c23,0x180761a0,数据帧,扩展帧,0x08,56 32 2e 30 2e 30 30 00 
126,接收,0x08667341,0x180760a0,数据帧,扩展帧,0x08,56 32 2e 30 2e 30 30 00 
127,接收,0x08669a5c,0x180761a0,数据帧,扩展帧,0x08,56 32 2e 30 2e 30 30 00 
128,接收,0x0866c176,0x180760a0,数据帧,扩展帧,0x08,56 32 2e 30 2e 30 30 00 
129,接收,0x0866e894,0x180761a0,数据帧,扩展帧,0x08,56 32 2e 30 2e 30 30 00 
130,接收,0x08670fb5,0x180760a0,数据帧,扩展帧,0x08,56 32 2e 30 2e 30 30 00 
131,接收,0x086736d2,0x180761a0,数据帧,扩展帧,0x08,56 32 2e 30 2e 30 30 00 
132,接收,0x08675ded,0x180760a0,数据帧,扩展帧,0x08,56 32 2e 30 2e 30 30 00 
133,接收,0x08678506,0x180761a0,数据帧,扩展帧,0x08,56 32 2e 30 2e 30 30 00 
134,接收,0x0867ac21,0x180760a0,数据帧,扩展帧,0x08,56 32 2e 30 2e 30 30 00 
135,接收,0x0867d341,0x180761a0,数据帧,扩展帧,0x08,56 32 2e 30 2e 30 30 00 
136,接收,0x0867fa5c,0x180760a0,数据帧,扩展帧,0x08,56 32 2e 30 2e 30 30 00 
137,接收,0x08682179,0x180761a0,数据帧,扩展帧,0x08,56 32 2e 30 2e 30 30 00 
138,接收,0x0868488f,0x180760a0,数据帧,扩展帧,0x08,56 32 2e 30 2e 30 30 00 
139,接收,0x08686fa8,0x180761a0,数据帧,扩展帧,0x08,56 32 2e 30 2e 30 30 00 
140,接收,0x086896bf,0x180760a0,数据帧,扩展帧,0x08,56 32 2e 30 2e 30 30 00 
141,接收,0x0868bddb,0x180761a0,数据帧,扩展帧,0x08,56 32 2e 30 2e 30 30 00 
142,接收,0x0868e4ee,0x180760a0,数据帧,扩展帧,0x08,56 32 2e 30 2e 30 30 00 
143,接收,0x08690c10,0x180761a0,数据帧,扩展帧,0x08,56 32 2e 30 2e 30 30 00 
144,接收,0x08693336,0x180760a0,数据帧,扩展帧,0x08,56 32 2e 30 2e 30 30 00 
145,接收,0x08695a53,0x180761a0,数据帧,扩展帧,0x08,56 32 2e 30 2e 30 30 00 
146,接收,0x08698168,0x180760a0,数据帧,扩展帧,0x08,56 32 2e 30 2e 30 30 00 
147,接收,0x0869a884,0x180761a0,数据帧,扩展帧,0x08,56 32 2e 30 2e 30 30 00 
148,接收,0x0869cf9d,0x180760a0,数据帧,扩展帧,0x08,56 32 2e 30 2e 30 30 00 
149,接收,0x0869f6be,0x180761a0,数据帧,扩展帧,0x08,56 32 2e 30 2e 30 30 00 
150,接收,0x086a1de0,0x180760a0,数据帧,扩展帧,0x08,56 32 2e 30 2e 30 30 00 
151,接收,0x086a44fa,0x180761a0,数据帧,扩展帧,0x08,56 32 2e 30 2e 30 30 00 
152,接收,0x086a6c11,0x180760a0,数据帧,扩展帧,0x08,56 32 2e 30 2e 30 30 00 
153,接收,0x086a932b,0x180761a0,数据帧,扩展帧,0x08,56 32 2e 30 2e 30 30 00 
154,接收,0x086aba47,0x180760a0,数据帧,扩展帧,0x08,56 32 2e 30 2e 30 30 00 
155,接收,0x086ae166,0x180761a0,数据帧,扩展帧,0x08,56 32 2e 30 2e 30 30 00 
156,接收,0x086b0886,0x180760a0,数据帧,扩展帧,0x08,56 32 2e 30 2e 30 30 00 
157,接收,0x086b2fa1,0x180761a0,数据帧,扩展帧,0x08,56 32 2e 30 2e 30 30 00 
158,接收,0x086b56bd,0x180760a0,数据帧,扩展帧,0x08,56 32 2e 30 2e 30 30 00 
159,接收,0x086b7dd8,0x180761a0,数据帧,扩展帧,0x08,56 32 2e 30 2e 30 30 00 
160,接收,0x086ba4f4,0x180760a0,数据帧,扩展帧,0x08,56 32 2e 30 2e 30 30 00 
161,接收,0x086bcc0d,0x180761a0,数据帧,扩展帧,0x08,56 32 2e 30 2e 30 30 00 
162,接收,0x086bf328,0x180760a0,数据帧,扩展帧,0x08,56 32 2e 30 2e 30 30 00 
163,接收,0x086c1a4a,0x180761a0,数据帧,扩展帧,0x08,56 32 2e 30 2e 30 30 00 
164,接收,0x086c4172,0x180760a0,数据帧,扩展帧,0x08,56 32 2e 30 2e 30 30 00 
165,接收,0x086c6895,0x180761a0,数据帧,扩展帧,0x08,56 32 2e 30 2e 30 30 00 
166,接收,0x086c8faf,0x180760a0,数据帧,扩展帧,0x08,56 32 2e 30 2e 30 30 00 
167,接收,0x086cb6c8,0x180761a0,数据帧,扩展帧,0x08,56 32 2e 30 2e 30 30 00 
168,接收,0x086cdde4,0x180760a0,数据帧,扩展帧,0x08,56 32 2e 30 2e 30 30 00 
169,接收,0x086d0504,0x180761a0,数据帧,扩展帧,0x08,56 32 2e 30 2e 30 30 00 
170,接收,0x086d2c1a,0x180760a0,数据帧,扩展帧,0x08,56 32 2e 30 2e 30 30 00 
171,接收,0x086d533a,0x180761a0,数据帧,扩展帧,0x08,56 32 2e 30 2e 30 30 00 
172,接收,0x086d7a57,0x180760a0,数据帧,扩展帧,0x08,56 32 2e 30 2e 30 30 00 
173,接收,0x086da176,0x180761a0,数据帧,扩展帧,0x08,56 32 2e 30 2e 30 30 00 
174,接收,0x086dc895,0x180760a0,数据帧,扩展帧,0x08,56 32 2e 30 2e 30 30 00 
175,接收,0x086defb5,0x180761a0,数据帧,扩展帧,0x08,56 32 2e 30 2e 30 30 00 
176,接收,0x086e16d5,0x180760a0,数据帧,扩展帧,0x08,56 32 2e 30 2e 30 30 00 
177,接收,0x086e3df6,0x180761a0,数据帧,扩展帧,0x08,56 32 2e 30 2e 30 30 00 
178,接收,0x086e6513,0x180760a0,数据帧,扩展帧,0x08,56 32 2e 30 2e 30 30 00 
179,接收,0x086e8c35,0x180761a0,数据帧,扩展帧,0x08,56 32 2e 30 2e 30 30 00 
180,接收,0x086eb355,0x180760a0,数据帧,扩展帧,0x08,56 32 2e 30 2e 30 30 00 
181,接收,0x086eda73,0x180761a0,数据帧,扩展帧,0x08,56 32 2e 30 2e 30 30 00 
182,接收,0x086f0186,0x180760a0,数据帧,扩展帧,0x08,56 32 2e 30 2e 30 30 00 
183,接收,0x086f28a2,0x180761a0,数据帧,扩展帧,0x08,56 32 2e 30 2e 30 30 00 
184,接收,0x086f4fbc,0x180760a0,数据帧,扩展帧,0x08,56 32 2e 30 2e 30 30 00 
185,接收,0x086f76de,0x180761a0,数据帧,扩展帧,0x08,56 32 2e 30 2e 30 30 00 
186,接收,0x086f9dfa,0x180760a0,数据帧,扩展帧,0x08,56 32 2e 30 2e 30 30 00 
187,接收,0x086fc512,0x180761a0,数据帧,扩展帧,0x08,56 32 2e 30 2e 30 30 00 
188,接收,0x086fec2c,0x180760a0,数据帧,扩展帧,0x08,56 32 2e 30 2e 30 30 00 
189,接收,0x0870134b,0x180761a0,数据帧,扩展帧,0x08,56 32 2e 30 2e 30 30 00 
190,接收,0x08703a6e,0x180760a0,数据帧,扩展帧,0x08,56 32 2e 30 2e 30 30 00 
191,接收,0x0870618c,0x180761a0,数据帧,扩展帧,0x08,56 32 2e 30 2e 30 30 00 
192,接收,0x087088a4,0x180760a0,数据帧,扩展帧,0x08,56 32 2e 30 2e 30 30 00 
193,接收,0x0870afbf,0x180761a0,数据帧,扩展帧,0x08,56 32 2e 30 2e 30 30 00 
194,接收,0x0870d6dc,0x180760a0,数据帧,扩展帧,0x08,56 32 2e 30 2e 30 30 00 
195,接收,0x0870fdfc,0x180761a0,数据帧,扩展帧,0x08,56 32 2e 30 2e 30 30 00 
196,接收,0x08712512,0x180760a0,数据帧,扩展帧,0x08,56 32 2e 30 2e 30 30 00 
197,接收,0x08714c2f,0x180761a0,数据帧,扩展帧,0x08,56 32 2e 30 2e 30 30 00 
198,接收,0x0871734b,0x180760a0,数据帧,扩展帧,0x08,56 32 2e 30 2e 30 30 00 
199,接收,0x08719a64,0x180761a0,数据帧,扩展帧,0x08,56 32 2e 30 2e 30 30 00 
200,接收,0x0871c185,0x180760a0,数据帧,扩展帧,0x08,56 32 2e 30 2e 30 30 00 
201,接收,0x0871e8a4,0x180761a0,数据帧,扩展帧,0x08,56 32 2e 30 2e 30 30 00 
202,接收,0x08720fc0,0x180760a0,数据帧,扩展帧,0x08,56 32 2e 30 2e 30 30 00 
203,接收,0x087236e4,0x180761a0,数据帧,扩展帧,0x08,56 32 2e 30 2e 30 30 00 
204,接收,0x08725e06,0x180760a0,数据帧,扩展帧,0x08,56 32 2e 30 2e 30 30 00 
205,接收,0x08728528,0x180761a0,数据帧,扩展帧,0x08,56 32 2e 30 2e 30 30 00 
206,接收,0x0872ac43,0x180760a0,数据帧,扩展帧,0x08,56 32 2e 30 2e 30 30 00 
207,接收,0x0872d364,0x180761a0,数据帧,扩展帧,0x08,56 32 2e 30 2e 30 30 00 
208,接收,0x0872fa79,0x180760a0,数据帧,扩展帧,0x08,56 32 2e 30 2e 30 30 00 
209,接收,0x08732197,0x180761a0,数据帧,扩展帧,0x08,56 32 2e 30 2e 30 30 00 
210,接收,0x087348b0,0x180760a0,数据帧,扩展帧,0x08,56 32 2e 30 2e 30 30 00 
211,接收,0x08736fd2,0x180761a0,数据帧,扩展帧,0x08,56 32 2e 30 2e 30 30 00 
212,接收,0x087396f2,0x180760a0,数据帧,扩展帧,0x08,56 32 2e 30 2e 30 30 00 
213,接收,0x0873be10,0x180761a0,数据帧,扩展帧,0x08,56 32 2e 30 2e 30 30 00 
214,接收,0x0873e52f,0x180760a0,数据帧,扩展帧,0x08,56 32 2e 30 2e 30 30 00 
215,接收,0x08740c50,0x180761a0,数据帧,扩展帧,0x08,56 32 2e 30 2e 30 30 00 
216,接收,0x08743367,0x180760a0,数据帧,扩展帧,0x08,56 32 2e 30 2e 30 30 00 
217,接收,0x08745a86,0x180761a0,数据帧,扩展帧,0x08,56 32 2e 30 2e 30 30 00 
218,接收,0x087481a3,0x180760a0,数据帧,扩展帧,0x08,56 32 2e 30 2e 30 30 00 
219,接收,0x0874a8c1,0x180761a0,数据帧,扩展帧,0x08,56 32 2e 30 2e 30 30 00 
220,接收,0x0874cfdd,0x180760a0,数据帧,扩展帧,0x08,56 32 2e 30 2e 30 30 00 
221,接收,0x0874f6f7,0x180761a0,数据帧,扩展帧,0x08,56 32 2e 30 2e 30 30 00 
222,接收,0x08751e10,0x180760a0,数据帧,扩展帧,0x08,56 32 2e 30 2e 30 30 00 
223,接收,0x08754531,0x180761a0,数据帧,扩展帧,0x08,56 32 2e 30 2e 30 30 00 
224,接收,0x08756c4d,0x180760a0,数据帧,扩展帧,0x08,56 32 2e 30 2e 30 30 00 
225,接收,0x0875936c,0x180761a0,数据帧,扩展帧,0x08,56 32 2e 30 2e 30 30 00 
226,接收,0x0875ba84,0x180760a0,数据帧,扩展帧,0x08,56 32 2e 30 2e 30 30 00 
227,接收,0x0875e19c,0x180761a0,数据帧,扩展帧,0x08,56 32 2e 30 2e 30 30 00 
228,接收,0x087608bb,0x180760a0,数据帧,扩展帧,0x08,56 32 2e 30 2e 30 30 00 
229,接收,0x08762fd9,0x180761a0,数据帧,扩展帧,0x08,56 32 2e 30 2e 30 30 00 
230,接收,0x087656ef,0x180760a0,数据帧,扩展帧,0x08,56 32 2e 30 2e 30 30 00 
231,接收,0x08767e11,0x180761a0,数据帧,扩展帧,0x08,56 32 2e 30 2e 30 30 00 
232,接收,0x0876a533,0x180760a0,数据帧,扩展帧,0x08,56 32 2e 30 2e 30 30 00 
233,接收,0x0876cc4a,0x180761a0,数据帧,扩展帧,0x08,56 32 2e 30 2e 30 30 00 
234,接收,0x0876f36d,0x180760a0,数据帧,扩展帧,0x08,56 32 2e 30 2e 30 30 00 
235,接收,0x08771a8c,0x180761a0,数据帧,扩展帧,0x08,56 32 2e 30 2e 30 30 00 
236,接收,0x087741a8,0x180760a0,数据帧,扩展帧,0x08,56 32 2e 30 2e 30 30 00 
237,接收,0x087768c8,0x180761a0,数据帧,扩展帧,0x08,56 32 2e 30 2e 30 30 00 
238,接收,0x08778fe7,0x180760a0,数据帧,扩展帧,0x08,56 32 2e 30 2e 30 30 00 
239,接收,0x0877b705,0x180761a0,数据帧,扩展帧,0x08,56 32 2e 30 2e 30 30 00 
240,接收,0x0877de1d,0x180760a0,数据帧,扩展帧,0x08,56 32 2e 30 2e 30 30 00 
241,接收,0x0878053a,0x180761a0,数据帧,扩展帧,0x08,56 32 2e 30 2e 30 30 00 
242,接收,0x08782c53,0x180760a0,数据帧,扩展帧,0x08,56 32 2e 30 2e 30 30 00 
243,接收,0x0878536a,0x180761a0,数据帧,扩展帧,0x08,56 32 2e 30 2e 30 30 00 
244,接收,0x08787a8f,0x180760a0,数据帧,扩展帧,0x08,56 32 2e 30 2e 30 30 00 
245,接收,0x0878a1ae,0x180761a0,数据帧,扩展帧,0x08,56 32 2e 30 2e 30 30 00 
246,接收,0x0878c8ca,0x180760a0,数据帧,扩展帧,0x08,56 32 2e 30 2e 30 30 00 
247,接收,0x0878efe4,0x180761a0,数据帧,扩展帧,0x08,56 32 2e 30 2e 30 30 00 
248,接收,0x08791704,0x180760a0,数据帧,扩展帧,0x08,56 32 2e 30 2e 30 30 00 
249,接收,0x08793e24,0x180761a0,数据帧,扩展帧,0x08,56 32 2e 30 2e 30 30 00 
250,接收,0x08796539,0x180760a0,数据帧,扩展帧,0x08,56 32 2e 30 2e 30 30 00 
251,接收,0x08798c5f,0x180761a0,数据帧,扩展帧,0x08,56 32 2e 30 2e 30 30 00 
252,接收,0x0879b37d,0x180760a0,数据帧,扩展帧,0x08,56 32 2e 30 2e 30 30 00 
253,接收,0x0879da9b,0x180761a0,数据帧,扩展帧,0x08,56 32 2e 30 2e 30 30 00 
254,接收,0x087a01b8,0x180760a0,数据帧,扩展帧,0x08,56 32 2e 30 2e 30 30 00 
255,接收,0x087a28d7,0x180761a0,数据帧,扩展帧,0x08,56 32 2e 30 2e 30 30 00 
256,接收,0x087a4fef,0x180760a0,数据帧,扩展帧,0x08,56 32 2e 30 2e 30 30 00 
257,接收,0x087a770b,0x180761a0,数据帧,扩展帧,0x08,56 32 2e 30 2e 30 30 00 
258,接收,0x087a9e24,0x180760a0,数据帧,扩展帧,0x08,56 32 2e 30 2e 30 30 00 
259,接收,0x087ac540,0x180761a0,数据帧,扩展帧,0x08,56 32 2e 30 2e 30 30 00 
260,接收,0x087aec60,0x180760a0,数据帧,扩展帧,0x08,56 32 2e 30 2e 30 30 00 
261,接收,0x087b137f,0x180761a0,数据帧,扩展帧,0x08,56 32 2e 30 2e 30 30 00 
262,接收,0x087b3a95,0x180760a0,数据帧,扩展帧,0x08,56 32 2e 30 2e 30 30 00 
263,接收,0x087b61b6,0x180761a0,数据帧,扩展帧,0x08,56 32 2e 30 2e 30 30 00 
264,接收,0x087b88d8,0x180760a0,数据帧,扩展帧,0x08,56 32 2e 30 2e 30 30 00 
265,接收,0x087baff8,0x180761a0,数据帧,扩展帧,0x08,56 32 2e 30 2e 30 30 00 
266,接收,0x087bd713,0x180760a0,数据帧,扩展帧,0x08,56 32 2e 30 2e 30 30 00 
267,接收,0x087bfe2b,0x180761a0,数据帧,扩展帧,0x08,56 32 2e 30 2e 30 30 00 
268,接收,0x087c2542,0x180760a0,数据帧,扩展帧,0x08,56 32 2e 30 2e 30 30 00 
269,接收,0x087c4c65,0x180761a0,数据帧,扩展帧,0x08,56 32 2e 30 2e 30 30 00 
270,接收,0x087c7381,0x180760a0,数据帧,扩展帧,0x08,56 32 2e 30 2e 30 30 00 
271,接收,0x087c9a9a,0x180761a0,数据帧,扩展帧,0x08,56 32 2e 30 2e 30 30 00 
272,接收,0x087cc1b9,0x180760a0,数据帧,扩展帧,0x08,56 32 2e 30 2e 30 30 00 
273,接收,0x087ce8d3,0x180761a0,数据帧,扩展帧,0x08,56 32 2e 30 2e 30 30 00 
274,接收,0x087d0ff6,0x180760a0,数据帧,扩展帧,0x08,56 32 2e 30 2e 30 30 00 
275,接收,0x087d3717,0x180761a0,数据帧,扩展帧,0x08,56 32 2e 30 2e 30 30 00 
276,接收,0x087d5e38,0x180760a0,数据帧,扩展帧,0x08,56 32 2e 30 2e 30 30 00 
277,接收,0x087d855d,0x180761a0,数据帧,扩展帧,0x08,56 32 2e 30 2e 30 30 00 
278,接收,0x087dac78,0x180760a0,数据帧,扩展帧,0x08,56 32 2e 30 2e 30 30 00 
279,接收,0x087dd39b,0x180761a0,数据帧,扩展帧,0x08,56 32 2e 30 2e 30 30 00 
280,接收,0x087dfab1,0x180760a0,数据帧,扩展帧,0x08,56 32 2e 30 2e 30 30 00 
281,接收,0x087e21d1,0x180761a0,数据帧,扩展帧,0x08,56 32 2e 30 2e 30 30 00 
282,接收,0x087e48f2,0x180760a0,数据帧,扩展帧,0x08,56 32 2e 30 2e 30 30 00 
283,接收,0x087e700c,0x180761a0,数据帧,扩展帧,0x08,56 32 2e 30 2e 30 30 00 
284,接收,0x087e972d,0x180760a0,数据帧,扩展帧,0x08,56 32 2e 30 2e 30 30 00 
285,接收,0x087ebe51,0x180761a0,数据帧,扩展帧,0x08,56 32 2e 30 2e 30 30 00 
286,接收,0x087ee56e,0x180760a0,数据帧,扩展帧,0x08,56 32 2e 30 2e 30 30 00 
287,接收,0x087f0c89,0x180761a0,数据帧,扩展帧,0x08,56 32 2e 30 2e 30 30 00 
288,接收,0x087f33a5,0x180760a0,数据帧,扩展帧,0x08,56 32 2e 30 2e 30 30 00 
289,接收,0x087f5ac3,0x180761a0,数据帧,扩展帧,0x08,56 32 2e 30 2e 30 30 00 
290,接收,0x087f81e2,0x180760a0,数据帧,扩展帧,0x08,56 32 2e 30 2e 30 30 00 
291,接收,0x087fa8f9,0x180761a0,数据帧,扩展帧,0x08,56 32 2e 30 2e 30 30 00 
292,接收,0x087fd00e,0x180760a0,数据帧,扩展帧,0x08,56 32 2e 30 2e 30 30 00 
293,接收,0x087ff72d,0x180761a0,数据帧,扩展帧,0x08,56 32 2e 30 2e 30 30 00 
294,接收,0x08801e51,0x180760a0,数据帧,扩展帧,0x08,56 32 2e 30 2e 30 30 00 
295,接收,0x08804572,0x180761a0,数据帧,扩展帧,0x08,56 32 2e 30 2e 30 30 00 
296,接收,0x08806c92,0x180760a0,数据帧,扩展帧,0x08,56 32 2e 30 2e 30 30 00 
297,接收,0x088093ad,0x180761a0,数据帧,扩展帧,0x08,56 32 2e 30 2e 30 30 00 
298,接收,0x0880bac9,0x180760a0,数据帧,扩展帧,0x08,56 32 2e 30 2e 30 30 00 
299,接收,0x0880e1ea,0x180761a0,数据帧,扩展帧,0x08,56 32 2e 30 2e 30 30 00 
300,接收,0x08810907,0x180760a0,数据帧,扩展帧,0x08,56 32 2e 30 2e 30 30 00 
301,接收,0x08813021,0x180761a0,数据帧,扩展帧,0x08,56 32 2e 30 2e 30 30 00 
302,接收,0x0881573d,0x180760a0,数据帧,扩展帧,0x08,56 32 2e 30 2e 30 30 00 
303,接收,0x08817e5a,0x180761a0,数据帧,扩展帧,0x08,56 32 2e 30 2e 30 30 00 
304,接收,0x0881a57a,0x180760a0,数据帧,扩展帧,0x08,56 32 2e 30 2e 30 30 00 
305,接收,0x0881cc9a,0x180761a0,数据帧,扩展帧,0x08,56 32 2e 30 2e 30 30 00 
306,接收,0x0881f3b4,0x180760a0,数据帧,扩展帧,0x08,56 32 2e 30 2e 30 30 00 
307,接收,0x08821ad5,0x180761a0,数据帧,扩展帧,0x08,56 32 2e 30 2e 30 30 00 
308,接收,0x088241f0,0x180760a0,数据帧,扩展帧,0x08,56 32 2e 30 2e 30 30 00 
309,接收,0x0882690c,0x180761a0,数据帧,扩展帧,0x08,56 32 2e 30 2e 30 30 00 
310,接收,0x0882902a,0x180760a0,数据帧,扩展帧,0x08,56 32 2e 30 2e 30 30 00 
311,接收,0x0882b74b,0x180761a0,数据帧,扩展帧,0x08,56 32 2e 30 2e 30 30 00 
312,接收,0x0882de64,0x180760a0,数据帧,扩展帧,0x08,56 32 2e 30 2e 30 30 00 
313,接收,0x08830586,0x180761a0,数据帧,扩展帧,0x08,56 32 2e 30 2e 30 30 00 
314,接收,0x08832ca1,0x180760a0,数据帧,扩展帧,0x08,56 32 2e 30 2e 30 30 00 
315,接收,0x088353bf,0x180761a0,数据帧,扩展帧,0x08,56 32 2e 30 2e 30 30 00 
316,接收,0x08837adb,0x180760a0,数据帧,扩展帧,0x08,56 32 2e 30 2e 30 30 00 
317,接收,0x0883a1f5,0x180761a0,数据帧,扩展帧,0x08,56 32 2e 30 2e 30 30 00 
318,接收,0x0883c912,0x180760a0,数据帧,扩展帧,0x08,56 32 2e 30 2e 30 30 00 
319,接收,0x0883f02b,0x180761a0,数据帧,扩展帧,0x08,56 32 2e 30 2e 30 30 00 
320,接收,0x0884173f,0x180760a0,数据帧,扩展帧,0x08,56 32 2e 30 2e 30 30 00 
321,接收,0x08843e59,0x180761a0,数据帧,扩展帧,0x08,56 32 2e 30 2e 30 30 00 
322,接收,0x08846574,0x180760a0,数据帧,扩展帧,0x08,56 32 2e 30 2e 30 30 00 
323,接收,0x08848c8e,0x180761a0,数据帧,扩展帧,0x08,56 32 2e 30 2e 30 30 00 
324,接收,0x0884b3b0,0x180760a0,数据帧,扩展帧,0x08,56 32 2e 30 2e 30 30 00 
325,接收,0x0884dad5,0x180761a0,数据帧,扩展帧,0x08,56 32 2e 30 2e 30 30 00 
326,接收,0x088501f0,0x180760a0,数据帧,扩展帧,0x08,56 32 2e 30 2e 30 30 00 
327,接收,0x08852910,0x180761a0,数据帧,扩展帧,0x08,56 32 2e 30 2e 30 30 00 
328,接收,0x0885502f,0x180760a0,数据帧,扩展帧,0x08,56 32 2e 30 2e 30 30 00 
329,接收,0x0885774e,0x180761a0,数据帧,扩展帧,0x08,56 32 2e 30 2e 30 30 00 
330,接收,0x08859e65,0x180760a0,数据帧,扩展帧,0x08,56 32 2e 30 2e 30 30 00 
331,接收,0x0885c585,0x180761a0,数据帧,扩展帧,0x08,56 32 2e 30 2e 30 30 00 
332,接收,0x0885eca1,0x180760a0,数据帧,扩展帧,0x08,56 32 2e 30 2e 30 30 00 
333,接收,0x088613bc,0x180761a0,数据帧,扩展帧,0x08,56 32 2e 30 2e 30 30 00 
334,接收,0x08863ae0,0x180760a0,数据帧,扩展帧,0x08,56 32 2e 30 2e 30 30 00 
335,接收,0x088661fa,0x180761a0,数据帧,扩展帧,0x08,56 32 2e 30 2e 30 30 00 
336,接收,0x08868912,0x180760a0,数据帧,扩展帧,0x08,56 32 2e 30 2e 30 30 00 
337,接收,0x0886b033,0x180761a0,数据帧,扩展帧,0x08,56 32 2e 30 2e 30 30 00 
338,接收,0x0886d753,0x180760a0,数据帧,扩展帧,0x08,56 32 2e 30 2e 30 30 00 
339,接收,0x0886fe6d,0x180761a0,数据帧,扩展帧,0x08,56 32 2e 30 2e 30 30 00 
340,接收,0x08872589,0x180760a0,数据帧,扩展帧,0x08,56 32 2e 30 2e 30 30 00 
341,接收,0x08874ca4,0x180761a0,数据帧,扩展帧,0x08,56 32 2e 30 2e 30 30 00 
342,接收,0x088773b9,0x180760a0,数据帧,扩展帧,0x08,56 32 2e 30 2e 30 30 00 
343,接收,0x08879ad4,0x180761a0,数据帧,扩展帧,0x08,56 32 2e 30 2e 30 30 00 
344,接收,0x0887c1ef,0x180760a0,数据帧,扩展帧,0x08,56 32 2e 30 2e 30 30 00 
345,接收,0x0887e910,0x180761a0,数据帧,扩展帧,0x08,56 32 2e 30 2e 30 30 00 
346,接收,0x0888102f,0x180760a0,数据帧,扩展帧,0x08,56 32 2e 30 2e 30 30 00 
347,接收,0x08883753,0x180761a0,数据帧,扩展帧,0x08,56 32 2e 30 2e 30 30 00 
348,接收,0x08885e73,0x180760a0,数据帧,扩展帧,0x08,56 32 2e 30 2e 30 30 00 
349,接收,0x0888858e,0x180761a0,数据帧,扩展帧,0x08,56 32 2e 30 2e 30 30 00 
350,接收,0x0888acac,0x180760a0,数据帧,扩展帧,0x08,56 32 2e 30 2e 30 30 00 
351,接收,0x0888d3ce,0x180761a0,数据帧,扩展帧,0x08,56 32 2e 30 2e 30 30 00 
352,接收,0x0888faec,0x180760a0,数据帧,扩展帧,0x08,56 32 2e 30 2e 30 30 00 
353,接收,0x0889220c,0x180761a0,数据帧,扩展帧,0x08,56 32 2e 30 2e 30 30 00 
354,接收,0x08894926,0x180760a0,数据帧,扩展帧,0x08,56 32 2e 30 2e 30 30 00 
355,接收,0x08897046,0x180761a0,数据帧,扩展帧,0x08,56 32 2e 30 2e 30 30 00 
356,接收,0x0889975d,0x180760a0,数据帧,扩展帧,0x08,56 32 2e 30 2e 30 30 00 
357,接收,0x0889be7b,0x180761a0,数据帧,扩展帧,0x08,56 32 2e 30 2e 30 30 00 
358,接收,0x0889e593,0x180760a0,数据帧,扩展帧,0x08,56 32 2e 30 2e 30 30 00 
359,接收,0x088a0cae,0x180761a0,数据帧,扩展帧,0x08,56 32 2e 30 2e 30 30 00 
360,接收,0x088a33c9,0x180760a0,数据帧,扩展帧,0x08,56 32 2e 30 2e 30 30 00 
361,接收,0x088a5aeb,0x180761a0,数据帧,扩展帧,0x08,56 32 2e 30 2e 30 30 00 
362,接收,0x088a8201,0x180760a0,数据帧,扩展帧,0x08,56 32 2e 30 2e 30 30 00 
363,接收,0x088aa922,0x180761a0,数据帧,扩展帧,0x08,56 32 2e 30 2e 30 30 00 
364,接收,0x088ad044,0x180760a0,数据帧,扩展帧,0x08,56 32 2e 30 2e 30 30 00 
365,接收,0x088af763,0x180761a0,数据帧,扩展帧,0x08,56 32 2e 30 2e 30 30 00 
366,接收,0x088b1e83,0x180760a0,数据帧,扩展帧,0x08,56 32 2e 30 2e 30 30 00 
367,接收,0x088b45a5,0x180761a0,数据帧,扩展帧,0x08,56 32 2e 30 2e 30 30 00 
368,接收,0x088b6cbb,0x180760a0,数据帧,扩展帧,0x08,56 32 2e 30 2e 30 30 00 
369,接收,0x088b93d5,0x180761a0,数据帧,扩展帧,0x08,56 32 2e 30 2e 30 30 00 
370,接收,0x088bbaf4,0x180760a0,数据帧,扩展帧,0x08,56 32 2e 30 2e 30 30 00 
371,接收,0x088be210,0x180761a0,数据帧,扩展帧,0x08,56 32 2e 30 2e 30 30 00 
372,接收,0x088c092e,0x180760a0,数据帧,扩展帧,0x08,56 32 2e 30 2e 30 30 00 
373,接收,0x088c304b,0x180761a0,数据帧,扩展帧,0x08,56 32 2e 30 2e 30 30 00 
374,接收,0x088c5767,0x180760a0,数据帧,扩展帧,0x08,56 32 2e 30 2e 30 30 00 
375,接收,0x088c7e85,0x180761a0,数据帧,扩展帧,0x08,56 32 2e 30 2e 30 30 00 
376,接收,0x088ca5a8,0x180760a0,数据帧,扩展帧,0x08,56 32 2e 30 2e 30 30 00 
377,接收,0x088cccc7,0x180761a0,数据帧,扩展帧,0x08,56 32 2e 30 2e 30 30 00 
378,接收,0x088cf3e4,0x180760a0,数据帧,扩展帧,0x08,56 32 2e 30 2e 30 30 00 
379,接收,0x088d1b04,0x180761a0,数据帧,扩展帧,0x08,56 32 2e 30 2e 30 30 00 
380,接收,0x088d4224,0x180760a0,数据帧,扩展帧,0x08,56 32 2e 30 2e 30 30 00 
381,接收,0x088d6942,0x180761a0,数据帧,扩展帧,0x08,56 32 2e 30 2e 30 30 00 
382,接收,0x088d905f,0x180760a0,数据帧,扩展帧,0x08,56 32 2e 30 2e 30 30 00 
383,接收,0x088db783,0x180761a0,数据帧,扩展帧,0x08,56 32 2e 30 2e 30 30 00 
384,接收,0x088ddea0,0x180760a0,数据帧,扩展帧,0x08,56 32 2e 30 2e 30 30 00 
385,接收,0x088e05c1,0x180761a0,数据帧,扩展帧,0x08,56 32 2e 30 2e 30 30 00 
386,接收,0x088e2ce2,0x180760a0,数据帧,扩展帧,0x08,56 32 2e 30 2e 30 30 00 
387,接收,0x088e53fd,0x180761a0,数据帧,扩展帧,0x08,56 32 2e 30 2e 30 30 00 
388,接收,0x088e7e8d,0x180760a0,数据帧,扩展帧,0x08,56 32 2e 30 2e 30 30 00 
389,接收,0x088ea5b3,0x180761a0,数据帧,扩展帧,0x08,56 32 2e 30 2e 30 30 00 
390,接收,0x088ecccf,0x180760a0,数据帧,扩展帧,0x08,56 32 2e 30 2e 30 30 00 
391,接收,0x088ef3eb,0x180761a0,数据帧,扩展帧,0x08,56 32 2e 30 2e 30 30 00 
392,接收,0x088f1b03,0x180760a0,数据帧,扩展帧,0x08,56 32 2e 30 2e 30 30 00 
393,接收,0x088f4228,0x180761a0,数据帧,扩展帧,0x08,56 32 2e 30 2e 30 30 00 
394,接收,0x088f6945,0x180760a0,数据帧,扩展帧,0x08,56 32 2e 30 2e 30 30 00 
395,接收,0x088f9065,0x180761a0,数据帧,扩展帧,0x08,56 32 2e 30 2e 30 30 00 
396,接收,0x088fb78e,0x180760a0,数据帧,扩展帧,0x08,56 32 2e 30 2e 30 30 00 
397,接收,0x088fdeb5,0x180761a0,数据帧,扩展帧,0x08,56 32 2e 30 2e 30 30 00 
398,接收,0x089005e3,0x180760a0,数据帧,扩展帧,0x08,56 32 2e 30 2e 30 30 00 
399,接收,0x08902d06,0x180761a0,数据帧,扩展帧,0x08,56 32 2e 30 2e 30 30 00 
400,接收,0x08905420,0x180760a0,数据帧,扩展帧,0x08,56 32 2e 30 2e 30 30 00 
401,接收,0x08907b3f,0x180761a0,数据帧,扩展帧,0x08,56 32 2e 30 2e 30 30 00 
402,接收,0x0890a256,0x180760a0,数据帧,扩展帧,0x08,56 32 2e 30 2e 30 30 00 
403,接收,0x0890c979,0x180761a0,数据帧,扩展帧,0x08,56 32 2e 30 2e 30 30 00 
404,接收,0x0890f093,0x180760a0,数据帧,扩展帧,0x08,56 32 2e 30 2e 30 30 00 
405,接收,0x089117b0,0x180761a0,数据帧,扩展帧,0x08,56 32 2e 30 2e 30 30 00 
406,接收,0x08913ed1,0x180760a0,数据帧,扩展帧,0x08,56 32 2e 30 2e 30 30 00 
407,接收,0x089165f0,0x180761a0,数据帧,扩展帧,0x08,56 32 2e 30 2e 30 30 00 
408,接收,0x08918d1a,0x180760a0,数据帧,扩展帧,0x08,56 32 2e 30 2e 30 30 00 
409,接收,0x0891b43c,0x180761a0,数据帧,扩展帧,0x08,56 32 2e 30 2e 30 30 00 
410,接收,0x0891db54,0x180760a0,数据帧,扩展帧,0x08,56 32 2e 30 2e 30 30 00 
411,接收,0x0892026c,0x180761a0,数据帧,扩展帧,0x08,56 32 2e 30 2e 30 30 00 
412,接收,0x08922985,0x180760a0,数据帧,扩展帧,0x08,56 32 2e 30 2e 30 30 00 
413,接收,0x089250a5,0x180761a0,数据帧,扩展帧,0x08,56 32 2e 30 2e 30 30 00 
414,接收,0x089277c6,0x180760a0,数据帧,扩展帧,0x08,56 32 2e 30 2e 30 30 00 
415,接收,0x08929ee8,0x180761a0,数据帧,扩展帧,0x08,56 32 2e 30 2e 30 30 00 
416,接收,0x0892c609,0x180760a0,数据帧,扩展帧,0x08,56 32 2e 30 2e 30 30 00 
417,接收,0x0892ed1f,0x180761a0,数据帧,扩展帧,0x08,56 32 2e 30 2e 30 30 00 
418,接收,0x08931448,0x180760a0,数据帧,扩展帧,0x08,56 32 2e 30 2e 30 30 00 
419,接收,0x08933b66,0x180761a0,数据帧,扩展帧,0x08,56 32 2e 30 2e 30 30 00 
420,接收,0x08936280,0x180760a0,数据帧,扩展帧,0x08,56 32 2e 30 2e 30 30 00 
421,接收,0x0893899d,0x180761a0,数据帧,扩展帧,0x08,56 32 2e 30 2e 30 30 00 
422,接收,0x0893b0b2,0x180760a0,数据帧,扩展帧,0x08,56 32 2e 30 2e 30 30 00 
423,接收,0x0893d7d9,0x180761a0,数据帧,扩展帧,0x08,56 32 2e 30 2e 30 30 00 
424,接收,0x0893fef3,0x180760a0,数据帧,扩展帧,0x08,56 32 2e 30 2e 30 30 00 
425,接收,0x08942617,0x180761a0,数据帧,扩展帧,0x08,56 32 2e 30 2e 30 30 00 
426,接收,0x08944d2d,0x180760a0,数据帧,扩展帧,0x08,56 32 2e 30 2e 30 30 00 
427,接收,0x0894744e,0x180761a0,数据帧,扩展帧,0x08,56 32 2e 30 2e 30 30 00 
428,接收,0x08949b6f,0x180760a0,数据帧,扩展帧,0x08,56 32 2e 30 2e 30 30 00 
429,接收,0x0894c297,0x180761a0,数据帧,扩展帧,0x08,56 32 2e 30 2e 30 30 00 
430,接收,0x0894e9b5,0x180760a0,数据帧,扩展帧,0x08,56 32 2e 30 2e 30 30 00 
431,接收,0x089510d8,0x180761a0,数据帧,扩展帧,0x08,56 32 2e 30 2e 30 30 00 
432,接收,0x089537ee,0x180760a0,数据帧,扩展帧,0x08,56 32 2e 30 2e 30 30 00 
433,接收,0x08955f12,0x180761a0,数据帧,扩展帧,0x08,56 32 2e 30 2e 30 30 00 
434,接收,0x08958631,0x180760a0,数据帧,扩展帧,0x08,56 32 2e 30 2e 30 30 00 
435,接收,0x0895ad4f,0x180761a0,数据帧,扩展帧,0x08,56 32 2e 30 2e 30 30 00 
436,接收,0x0895d471,0x180760a0,数据帧,扩展帧,0x08,56 32 2e 30 2e 30 30 00 
437,接收,0x0895fb8c,0x180761a0,数据帧,扩展帧,0x08,56 32 2e 30 2e 30 30 00 
438,接收,0x089622b5,0x180760a0,数据帧,扩展帧,0x08,56 32 2e 30 2e 30 30 00 
439,接收,0x089649d1,0x180761a0,数据帧,扩展帧,0x08,56 32 2e 30 2e 30 30 00 
440,接收,0x089670e9,0x180760a0,数据帧,扩展帧,0x08,56 32 2e 30 2e 30 30 00 
441,接收,0x0896980b,0x180761a0,数据帧,扩展帧,0x08,56 32 2e 30 2e 30 30 00 
442,接收,0x0896bf29,0x180760a0,数据帧,扩展帧,0x08,56 32 2e 30 2e 30 30 00 
443,接收,0x0896e64c,0x180761a0,数据帧,扩展帧,0x08,56 32 2e 30 2e 30 30 00 
444,接收,0x08970d69,0x180760a0,数据帧,扩展帧,0x08,56 32 2e 30 2e 30 30 00 
445,接收,0x08973483,0x180761a0,数据帧,扩展帧,0x08,56 32 2e 30 2e 30 30 00 
446,接收,0x08975b99,0x180760a0,数据帧,扩展帧,0x08,56 32 2e 30 2e 30 30 00 
447,接收,0x089782b5,0x180761a0,数据帧,扩展帧,0x08,56 32 2e 30 2e 30 30 00 
448,接收,0x0897a9d6,0x180760a0,数据帧,扩展帧,0x08,56 32 2e 30 2e 30 30 00 
449,接收,0x0897d0f5,0x180761a0,数据帧,扩展帧,0x08,56 32 2e 30 2e 30 30 00 
450,接收,0x0897f812,0x180760a0,数据帧,扩展帧,0x08,56 32 2e 30 2e 30 30 00 
451,接收,0x08981f30,0x180761a0,数据帧,扩展帧,0x08,56 32 2e 30 2e 30 30 00 
452,接收,0x08984649,0x180760a0,数据帧,扩展帧,0x08,56 32 2e 30 2e 30 30 00 
453,接收,0x08986d72,0x180761a0,数据帧,扩展帧,0x08,56 32 2e 30 2e 30 30 00 
454,接收,0x08989493,0x180760a0,数据帧,扩展帧,0x08,56 32 2e 30 2e 30 30 00 
455,接收,0x0898bbb6,0x180761a0,数据帧,扩展帧,0x08,56 32 2e 30 2e 30 30 00 
456,接收,0x0898e2ce,0x180760a0,数据帧,扩展帧,0x08,56 32 2e 30 2e 30 30 00 
457,接收,0x089909e7,0x180761a0,数据帧,扩展帧,0x08,56 32 2e 30 2e 30 30 00 
458,接收,0x08993104,0x180760a0,数据帧,扩展帧,0x08,56 32 2e 30 2e 30 30 00 
459,接收,0x08995826,0x180761a0,数据帧,扩展帧,0x08,56 32 2e 30 2e 30 30 00 
460,接收,0x08997f3f,0x180760a0,数据帧,扩展帧,0x08,56 32 2e 30 2e 30 30 00 
461,接收,0x0899a660,0x180761a0,数据帧,扩展帧,0x08,56 32 2e 30 2e 30 30 00 
462,接收,0x0899cd7b,0x180760a0,数据帧,扩展帧,0x08,56 32 2e 30 2e 30 30 00 
463,接收,0x0899f49d,0x180761a0,数据帧,扩展帧,0x08,56 32 2e 30 2e 30 30 00 
464,接收,0x089a1bc0,0x180760a0,数据帧,扩展帧,0x08,56 32 2e 30 2e 30 30 00 
465,接收,0x089a42df,0x180761a0,数据帧,扩展帧,0x08,56 32 2e 30 2e 30 30 00 
466,接收,0x089a6a02,0x180760a0,数据帧,扩展帧,0x08,56 32 2e 30 2e 30 30 00 
467,接收,0x089a912a,0x180761a0,数据帧,扩展帧,0x08,56 32 2e 30 2e 30 30 00 
468,接收,0x089ab851,0x180760a0,数据帧,扩展帧,0x08,56 32 2e 30 2e 30 30 00 
469,接收,0x089adf6d,0x180761a0,数据帧,扩展帧,0x08,56 32 2e 30 2e 30 30 00 
470,接收,0x089b068b,0x180760a0,数据帧,扩展帧,0x08,56 32 2e 30 2e 30 30 00 
471,接收,0x089b2dab,0x180761a0,数据帧,扩展帧,0x08,56 32 2e 30 2e 30 30 00 
472,接收,0x089b54c1,0x180760a0,数据帧,扩展帧,0x08,56 32 2e 30 2e 30 30 00 
473,接收,0x089b7be2,0x180761a0,数据帧,扩展帧,0x08,56 32 2e 30 2e 30 30 00 
474,接收,0x089ba2ff,0x180760a0,数据帧,扩展帧,0x08,56 32 2e 30 2e 30 30 00 
475,接收,0x089bca19,0x180761a0,数据帧,扩展帧,0x08,56 32 2e 30 2e 30 30 00 
476,接收,0x089bf131,0x180760a0,数据帧,扩展帧,0x08,56 32 2e 30 2e 30 30 00 
477,接收,0x089c1851,0x180761a0,数据帧,扩展帧,0x08,56 32 2e 30 2e 30 30 00 
478,接收,0x089c3f77,0x180760a0,数据帧,扩展帧,0x08,56 32 2e 30 2e 30 30 00 
479,接收,0x089c669c,0x180761a0,数据帧,扩展帧,0x08,56 32 2e 30 2e 30 30 00 
480,接收,0x089c8db0,0x180760a0,数据帧,扩展帧,0x08,56 32 2e 30 2e 30 30 00 
481,接收,0x089cb4c8,0x180761a0,数据帧,扩展帧,0x08,56 32 2e 30 2e 30 30 00 
482,接收,0x089cdbe5,0x180760a0,数据帧,扩展帧,0x08,56 32 2e 30 2e 30 30 00 
483,接收,0x089d0307,0x180761a0,数据帧,扩展帧,0x08,56 32 2e 30 2e 30 30 00 
484,接收,0x089d2a21,0x180760a0,数据帧,扩展帧,0x08,56 32 2e 30 2e 30 30 00 
485,接收,0x089d513e,0x180761a0,数据帧,扩展帧,0x08,56 32 2e 30 2e 30 30 00 
486,接收,0x089d7857,0x180760a0,数据帧,扩展帧,0x08,56 32 2e 30 2e 30 30 00 
487,接收,0x089d9f70,0x180761a0,数据帧,扩展帧,0x08,56 32 2e 30 2e 30 30 00 
488,接收,0x089dc696,0x180760a0,数据帧,扩展帧,0x08,56 32 2e 30 2e 30 30 00 
489,接收,0x089dedb9,0x180761a0,数据帧,扩展帧,0x08,56 32 2e 30 2e 30 30 00 
490,接收,0x089e14d6,0x180760a0,数据帧,扩展帧,0x08,56 32 2e 30 2e 30 30 00 
491,接收,0x089e3bef,0x180761a0,数据帧,扩展帧,0x08,56 32 2e 30 2e 30 30 00 
492,接收,0x089e6309,0x180760a0,数据帧,扩展帧,0x08,56 32 2e 30 2e 30 30 00 
493,接收,0x089e8a27,0x180761a0,数据帧,扩展帧,0x08,56 32 2e 30 2e 30 30 00 
494,接收,0x089eb142,0x180760a0,数据帧,扩展帧,0x08,56 32 2e 30 2e 30 30 00 
495,接收,0x089ed864,0x180761a0,数据帧,扩展帧,0x08,56 32 2e 30 2e 30 30 00 
496,接收,0x089eff7f,0x180760a0,数据帧,扩展帧,0x08,56 32 2e 30 2e 30 30 00 
497,接收,0x089f26a3,0x180761a0,数据帧,扩展帧,0x08,56 32 2e 30 2e 30 30 00 
498,接收,0x089f4dc9,0x180760a0,数据帧,扩展帧,0x08,56 32 2e 30 2e 30 30 00 
499,接收,0x089f74ec,0x180761a0,数据帧,扩展帧,0x08,56 32 2e 30 2e 30 30 00 
500,接收,0x089f9c07,0x180760a0,数据帧,扩展帧,0x08,56 32 2e 30 2e 30 30 00 
501,接收,0x089fc31d,0x180761a0,数据帧,扩展帧,0x08,56 32 2e 30 2e 30 30 00 
502,接收,0x089fea40,0x180760a0,数据帧,扩展帧,0x08,56 32 2e 30 2e 30 30 00 
503,接收,0x08a01163,0x180761a0,数据帧,扩展帧,0x08,56 32 2e 30 2e 30 30 00 
504,接收,0x08a03884,0x180760a0,数据帧,扩展帧,0x08,56 32 2e 30 2e 30 30 00 
505,接收,0x08a05f9d,0x180761a0,数据帧,扩展帧,0x08,56 32 2e 30 2e 30 30 00 
506,接收,0x08a086b9,0x180760a0,数据帧,扩展帧,0x08,56 32 2e 30 2e 30 30 00 
507,接收,0x08a0add4,0x180761a0,数据帧,扩展帧,0x08,56 32 2e 30 2e 30 30 00 
508,接收,0x08a0d4f9,0x180760a0,数据帧,扩展帧,0x08,56 32 2e 30 2e 30 30 00 
509,接收,0x08a0fc20,0x180761a0,数据帧,扩展帧,0x08,56 32 2e 30 2e 30 30 00 
510,接收,0x08a12335,0x180760a0,数据帧,扩展帧,0x08,56 32 2e 30 2e 30 30 00 
511,接收,0x08a14a51,0x180761a0,数据帧,扩展帧,0x08,56 32 2e 30 2e 30 30 00 
512,接收,0x08a1716d,0x180760a0,数据帧,扩展帧,0x08,56 32 2e 30 2e 30 30 00 
513,接收,0x08a19893,0x180761a0,数据帧,扩展帧,0x08,56 32 2e 30 2e 30 30 00 
514,接收,0x08a1bfb5,0x180760a0,数据帧,扩展帧,0x08,56 32 2e 30 2e 30 30 00 
515,接收,0x08a1e6d0,0x180761a0,数据帧,扩展帧,0x08,56 32 2e 30 2e 30 30 00 
516,接收,0x08a20dee,0x180760a0,数据帧,扩展帧,0x08,56 32 2e 30 2e 30 30 00 
517,接收,0x08a23510,0x180761a0,数据帧,扩展帧,0x08,56 32 2e 30 2e 30 30 00 
518,接收,0x08a25c37,0x180760a0,数据帧,扩展帧,0x08,56 32 2e 30 2e 30 30 00 
519,接收,0x08a2835c,0x180761a0,数据帧,扩展帧,0x08,56 32 2e 30 2e 30 30 00 
520,接收,0x08a2aa76,0x180760a0,数据帧,扩展帧,0x08,56 32 2e 30 2e 30 30 00 
521,接收,0x08a2d190,0x180761a0,数据帧,扩展帧,0x08,56 32 2e 30 2e 30 30 00 
522,接收,0x08a2f8ad,0x180760a0,数据帧,扩展帧,0x08,56 32 2e 30 2e 30 30 00 
523,接收,0x08a31fce,0x180761a0,数据帧,扩展帧,0x08,56 32 2e 30 2e 30 30 00 
524,接收,0x08a346ef,0x180760a0,数据帧,扩展帧,0x08,56 32 2e 30 2e 30 30 00 
525,接收,0x08a36e16,0x180761a0,数据帧,扩展帧,0x08,56 32 2e 30 2e 30 30 00 
526,接收,0x08a39535,0x180760a0,数据帧,扩展帧,0x08,56 32 2e 30 2e 30 30 00 
527,接收,0x08a3bc54,0x180761a0,数据帧,扩展帧,0x08,56 32 2e 30 2e 30 30 00 
528,接收,0x08a3e378,0x180760a0,数据帧,扩展帧,0x08,56 32 2e 30 2e 30 30 00 
529,接收,0x08a40a94,0x180761a0,数据帧,扩展帧,0x08,56 32 2e 30 2e 30 30 00 
530,接收,0x08a431b2,0x180760a0,数据帧,扩展帧,0x08,56 32 2e 30 2e 30 30 00 
531,接收,0x08a458cb,0x180761a0,数据帧,扩展帧,0x08,56 32 2e 30 2e 30 30 00 
532,接收,0x08a47fe7,0x180760a0,数据帧,扩展帧,0x08,56 32 2e 30 2e 30 30 00 
533,接收,0x08a4a70e,0x180761a0,数据帧,扩展帧,0x08,56 32 2e 30 2e 30 30 00 
534,接收,0x08a4ce33,0x180760a0,数据帧,扩展帧,0x08,56 32 2e 30 2e 30 30 00 
535,接收,0x08a4f554,0x180761a0,数据帧,扩展帧,0x08,56 32 2e 30 2e 30 30 00 
536,接收,0x08a51c6a,0x180760a0,数据帧,扩展帧,0x08,56 32 2e 30 2e 30 30 00 
537,接收,0x08a5438a,0x180761a0,数据帧,扩展帧,0x08,56 32 2e 30 2e 30 30 00 
538,接收,0x08a56ab1,0x180760a0,数据帧,扩展帧,0x08,56 32 2e 30 2e 30 30 00 
539,接收,0x08a591cd,0x180761a0,数据帧,扩展帧,0x08,56 32 2e 30 2e 30 30 00 
540,接收,0x08a5b8ea,0x180760a0,数据帧,扩展帧,0x08,56 32 2e 30 2e 30 30 00 
541,接收,0x08a5e009,0x180761a0,数据帧,扩展帧,0x08,56 32 2e 30 2e 30 30 00 
542,接收,0x08a60724,0x180760a0,数据帧,扩展帧,0x08,56 32 2e 30 2e 30 30 00 
543,接收,0x08a62e4b,0x180761a0,数据帧,扩展帧,0x08,56 32 2e 30 2e 30 30 00 
544,接收,0x08a6556d,0x180760a0,数据帧,扩展帧,0x08,56 32 2e 30 2e 30 30 00 
545,接收,0x08a67c8e,0x180761a0,数据帧,扩展帧,0x08,56 32 2e 30 2e 30 30 00 
546,接收,0x08a6a3ab,0x180760a0,数据帧,扩展帧,0x08,56 32 2e 30 2e 30 30 00 
547,接收,0x08a6cac8,0x180761a0,数据帧,扩展帧,0x08,56 32 2e 30 2e 30 30 00 
548,接收,0x08a6f1ed,0x180760a0,数据帧,扩展帧,0x08,56 32 2e 30 2e 30 30 00 
549,接收,0x08a71906,0x180761a0,数据帧,扩展帧,0x08,56 32 2e 30 2e 30 30 00 
550,接收,0x08a7401e,0x180760a0,数据帧,扩展帧,0x08,56 32 2e 30 2e 30 30 00 
551,接收,0x08a76736,0x180761a0,数据帧,扩展帧,0x08,56 32 2e 30 2e 30 30 00 
552,接收,0x08a78e4d,0x180760a0,数据帧,扩展帧,0x08,56 32 2e 30 2e 30 30 00 
553,接收,0x08a7b56e,0x180761a0,数据帧,扩展帧,0x08,56 32 2e 30 2e 30 30 00 
554,接收,0x08a7dc8d,0x180760a0,数据帧,扩展帧,0x08,56 32 2e 30 2e 30 30 00 
555,接收,0x08a803ad,0x180761a0,数据帧,扩展帧,0x08,56 32 2e 30 2e 30 30 00 
556,接收,0x08a82aca,0x180760a0,数据帧,扩展帧,0x08,56 32 2e 30 2e 30 30 00 
557,接收,0x08a851e5,0x180761a0,数据帧,扩展帧,0x08,56 32 2e 30 2e 30 30 00 
558,接收,0x08a87903,0x180760a0,数据帧,扩展帧,0x08,56 32 2e 30 2e 30 30 00 
559,接收,0x08a8a02a,0x180761a0,数据帧,扩展帧,0x08,56 32 2e 30 2e 30 30 00 
560,接收,0x08a8c747,0x180760a0,数据帧,扩展帧,0x08,56 32 2e 30 2e 30 30 00 
561,接收,0x08a8ee62,0x180761a0,数据帧,扩展帧,0x08,56 32 2e 30 2e 30 30 00 
562,接收,0x08a9157e,0x180760a0,数据帧,扩展帧,0x08,56 32 2e 30 2e 30 30 00 
563,接收,0x08a93ca1,0x180761a0,数据帧,扩展帧,0x08,56 32 2e 30 2e 30 30 00 
564,接收,0x08a963bd,0x180760a0,数据帧,扩展帧,0x08,56 32 2e 30 2e 30 30 00 
565,接收,0x08a98ad5,0x180761a0,数据帧,扩展帧,0x08,56 32 2e 30 2e 30 30 00 
566,接收,0x08a9b1ed,0x180760a0,数据帧,扩展帧,0x08,56 32 2e 30 2e 30 30 00 
567,接收,0x08a9d950,0x180761a0,数据帧,扩展帧,0x08,56 32 2e 30 2e 30 30 00 
568,接收,0x08aa0071,0x180760a0,数据帧,扩展帧,0x08,56 32 2e 30 2e 30 30 00 
569,接收,0x08aa2792,0x180761a0,数据帧,扩展帧,0x08,56 32 2e 30 2e 30 30 00 
570,接收,0x08aa4eb3,0x180760a0,数据帧,扩展帧,0x08,56 32 2e 30 2e 30 30 00 
571,接收,0x08aa75d0,0x180761a0,数据帧,扩展帧,0x08,56 32 2e 30 2e 30 30 00 
572,接收,0x08aa9ce9,0x180760a0,数据帧,扩展帧,0x08,56 32 2e 30 2e 30 30 00 
573,接收,0x08aac40a,0x180761a0,数据帧,扩展帧,0x08,56 32 2e 30 2e 30 30 00 
574,接收,0x08aaeb27,0x180760a0,数据帧,扩展帧,0x08,56 32 2e 30 2e 30 30 00 
575,接收,0x08ab1242,0x180761a0,数据帧,扩展帧,0x08,56 32 2e 30 2e 30 30 00 
576,接收,0x08ab395e,0x180760a0,数据帧,扩展帧,0x08,56 32 2e 30 2e 30 30 00 
577,接收,0x08ab6078,0x180761a0,数据帧,扩展帧,0x08,56 32 2e 30 2e 30 30 00 
578,接收,0x08ab8798,0x180760a0,数据帧,扩展帧,0x08,56 32 2e 30 2e 30 30 00 
579,接收,0x08abaeb2,0x180761a0,数据帧,扩展帧,0x08,56 32 2e 30 2e 30 30 00 
580,接收,0x08abd5d0,0x180760a0,数据帧,扩展帧,0x08,56 32 2e 30 2e 30 30 00 
581,接收,0x08abfcec,0x180761a0,数据帧,扩展帧,0x08,56 32 2e 30 2e 30 30 00 
582,接收,0x08ac2409,0x180760a0,数据帧,扩展帧,0x08,56 32 2e 30 2e 30 30 00 
583,接收,0x08ac4b2b,0x180761a0,数据帧,扩展帧,0x08,56 32 2e 30 2e 30 30 00 
584,接收,0x08ac7242,0x180760a0,数据帧,扩展帧,0x08,56 32 2e 30 2e 30 30 00 
585,接收,0x08ac9964,0x180761a0,数据帧,扩展帧,0x08,56 32 2e 30 2e 30 30 00 
586,接收,0x08acc07d,0x180760a0,数据帧,扩展帧,0x08,56 32 2e 30 2e 30 30 00 
587,接收,0x08ace79a,0x180761a0,数据帧,扩展帧,0x08,56 32 2e 30 2e 30 30 00 
588,接收,0x08ad0ebe,0x180760a0,数据帧,扩展帧,0x08,56 32 2e 30 2e 30 30 00 
589,接收,0x08ad35dc,0x180761a0,数据帧,扩展帧,0x08,56 32 2e 30 2e 30 30 00 
590,接收,0x08ad5cf5,0x180760a0,数据帧,扩展帧,0x08,56 32 2e 30 2e 30 30 00 
591,接收,0x08ad840e,0x180761a0,数据帧,扩展帧,0x08,56 32 2e 30 2e 30 30 00 
592,接收,0x08adab2a,0x180760a0,数据帧,扩展帧,0x08,56 32 2e 30 2e 30 30 00 
593,接收,0x08add249,0x180761a0,数据帧,扩展帧,0x08,56 32 2e 30 2e 30 30 00 
594,接收,0x08adf965,0x180760a0,数据帧,扩展帧,0x08,56 32 2e 30 2e 30 30 00 
595,接收,0x08ae2080,0x180761a0,数据帧,扩展帧,0x08,56 32 2e 30 2e 30 30 00 
596,接收,0x08ae4799,0x180760a0,数据帧,扩展帧,0x08,56 32 2e 30 2e 30 30 00 
597,接收,0x08ae6eba,0x180761a0,数据帧,扩展帧,0x08,56 32 2e 30 2e 30 30 00 
598,接收,0x08ae95e0,0x180760a0,数据帧,扩展帧,0x08,56 32 2e 30 2e 30 30 00 
599,接收,0x08aebcfd,0x180761a0,数据帧,扩展帧,0x08,56 32 2e 30 2e 30 30 00 
600,接收,0x08aee41c,0x180760a0,数据帧,扩展帧,0x08,56 32 2e 30 2e 30 30 00 
601,接收,0x08af0b36,0x180761a0,数据帧,扩展帧,0x08,56 32 2e 30 2e 30 30 00 
602,接收,0x08af3251,0x180760a0,数据帧,扩展帧,0x08,56 32 2e 30 2e 30 30 00 
603,接收,0x08af5977,0x180761a0,数据帧,扩展帧,0x08,56 32 2e 30 2e 30 30 00 
604,接收,0x08af8090,0x180760a0,数据帧,扩展帧,0x08,56 32 2e 30 2e 30 30 00 
605,接收,0x08afa7b2,0x180761a0,数据帧,扩展帧,0x08,56 32 2e 30 2e 30 30 00 
606,接收,0x08afced0,0x180760a0,数据帧,扩展帧,0x08,56 32 2e 30 2e 30 30 00 
607,接收,0x08aff5ef,0x180761a0,数据帧,扩展帧,0x08,56 32 2e 30 2e 30 30 00 
608,接收,0x08b01d0c,0x180760a0,数据帧,扩展帧,0x08,56 32 2e 30 2e 30 30 00 
609,接收,0x08b04426,0x180761a0,数据帧,扩展帧,0x08,56 32 2e 30 2e 30 30 00 
610,接收,0x08b06b44,0x180760a0,数据帧,扩展帧,0x08,56 32 2e 30 2e 30 30 00 
611,接收,0x08b09261,0x180761a0,数据帧,扩展帧,0x08,56 32 2e 30 2e 30 30 00 
612,接收,0x08b0b97e,0x180760a0,数据帧,扩展帧,0x08,56 32 2e 30 2e 30 30 00 
613,接收,0x08b0e09c,0x180761a0,数据帧,扩展帧,0x08,56 32 2e 30 2e 30 30 00 
614,接收,0x08b107b3,0x180760a0,数据帧,扩展帧,0x08,56 32 2e 30 2e 30 30 00 
615,接收,0x08b12ed7,0x180761a0,数据帧,扩展帧,0x08,56 32 2e 30 2e 30 30 00 
